lable,text
cricket,Stokes to unleash promising spin duo on India as England squad for 5 Tests out
cricket,‘More than men…': Ganguly’s bonafide remark on women's cricket after WPL auction
cricket,'Rohit's chance to make up for WC': Gavaskar's big prediction for SA tour
cricket,Watch: Crowds queue up outside Shami's house after 2023 World Cup heroics
cricket,"Hafeez slams Australia for Pakistan's warm-up game pitch, 'Maybe it's tactical'"
cricket,'Rohit will be the top name in Indian cricket history if…': Pathan's GOAT claim
cricket,Ambati Rayudu's replacement missing: What CSK need to do at IPL 2024 auction
cricket,Why Ravi Bishnoi could be India's trump card at next year's T20 World Cup
cricket,Watch: 'Flames out of nowhere' terrifies Curran; draws laughter from Ponting
cricket,India coach's 'Rohit a bit bulky…' remark compared to 'Kohli fittest in world'
cricket,'If you can do even a fraction of what Yuvraj did for IND...': Gavaskar on Rinku
cricket,Gambhir's blunt message to BCCI amid Hardik vs Rohit vs SKY for T20WC captain
cricket,Gavaskar fumes over 1st T20I wash out:' CSA may not have as much money as BCCI'
cricket,'It's not silly cricket...': Kallis' 'ideal' Rinku message to Dravid for T20WC
cricket,Gautam Gambhir defends tall WC claim on Babar Azam: ‘Captaincy hampered his…’
cricket,ICC's stop clock trial to get underway during West Indies-England series
cricket,Rishabh Pant to play in IPL 2024 for Delhi Capitals
cricket,Young Jaiswal takes guard for South Africa challenge
cricket,"IPL, T20 leagues likely to show the selection pathway for T20 World Cup"
cricket,Women’s T20Is: India show promise despite England series loss
cricket,Lyon puts up passionate defence of Warner after Mitchell Johnson saga
cricket,"""It's a specialist job"": Australia batter Travis Head rules himself out as Test opener"
cricket,Watch: Shastri's presence in BBL comm box makes fellow commentators 'edgy'
cricket,"Hayden snubs ‘prime’ Dhoni for WC winner, reveals most ‘entertaining sledger’"
cricket,Hafeez criticizes practice match conditions in Canberra ahead of Australia test series
cricket,ICC U19 WC: India to open campaign against Bangladesh on January 20
Education,"CBSE Date Sheet 2024 Live: Where to check Class 10, 12 time tables when out"
Education,2773 candidates qualify in BPSC TRE 1.0 Supplementary result
Education,"CBSE Date Sheet 2024 Live: Where to check Class 10, 12 time tables when out"
Education,"Tamil Nadu half-yearly exams 2023 postponed, to begin on December 13"
Education,NTA Military Nursing Service exam registration begins on exams.nta.ac.in
Education,"UPSC CSE 2023 DAF II released, direct link here"
Education,The empowering role of Art Education in fostering creativity and well-being
Education,Big Data in education: Personalised learning and student success
Education,RBI Assistant Prelims Result 2023 Live: Where to check scores when announced
Education,CLAT Result 2024: Grievance filing window opens today on consortiumofnlus.ac.in
Education,DPSDAE recruitment 2023: Apply for 62 JPA& JSK posts at dpsdae.formflix.in
Education,RRC Northern Railway Recruitment 2023: Apply for 3000+ apprentice posts
Education,"AIIMS INI CET 2023 seat allotment result out for Round 1, direct link here"
Education,IELTS One Skill Retake approved by Immigration New Zealand for migration
Education,Education Ministry revamps JEE Apex Board
Education,Time management tips for students: Pomodoro technique to the rescue
Education,Study Abroad: Guide to choose the right study abroad destination
Education,Apply for ‘MSc Applied Psychology & Economic Behaviour’ at University of Bath
Education,"Manav Rachna: Creating a Global Hub of Knowledge, Innovation, Research and Entrepreneurship"
Education,NEET & JEE Results 2023 - Students of Aakash deliver top ranks
Astrology,"Career Horoscope Today for Dec 12, 2023: Astro tips which will help you lead"
Astrology,"Horoscope Today: Astrological prediction for December 12, 2023"
Astrology,"Pisces Daily Horoscope Today, December 12, 2023 predicts financial developments"
Astrology,"Aquarius Daily Horoscope Today, December 12, 2023 predicts self-improvement"
Astrology,"Capricorn Daily Horoscope Today, Dec 12, 2023 predicts unexpected connections"
Astrology,"Sagittarius Daily Horoscope Today, December 12, 2023 predicts new experiences"
Astrology,"Scorpio Daily Horoscope Today, December 12, 2023 predicts an innovative solution"
Astrology,"Libra Daily Horoscope Today, December 12, 2023 predicts positive changes"
Astrology,"Virgo Daily Horoscope Today, December 12, 2023 predicts love moments"
Astrology,"Leo Daily Horoscope Today, December 12, 2023 predicts success on the horizon"
Astrology,"Cancer Daily Horoscope Today, December 12, 2023 predicts heartfelt communication"
Astrology,"Gemini Daily Horoscope Today, December 12, 2023 predicts navigating challenges"
Astrology,"Taurus Daily Horoscope Today, Dec 12, 2023 predicts major life transformations"
Astrology,"Aries Daily Horoscope Today, Dec 12, 2023 predicts benefits in professional life"
Astrology,"Weekly Love Horoscope for December 11-17, 2023"
Astrology,Weekly Numerology Predictions from 11th to 17th December 2023
Astrology,"Weekly Career Horoscope for December 11-17, 2023"
Astrology,"Horoscope Today: Astrological prediction for December 11, 2023"
Astrology,"Pisces Daily Horoscope Today, December 11, 2023 predicts a new goal"
Astrology,"Aquarius Daily Horoscope Today, Dec 11, 2023 predicts clarity in life"
Astrology,"Capricorn Daily Horoscope Today, December 11, 2023 predicts monetary stability"
Astrology,"Sagittarius Daily Horoscope Today, Dec 11, 2023 advices embracing challenges"
Astrology,"Scorpio Daily Horoscope Today, December 11, 2023 predicts strong connections"
Astrology,"Libra Daily Horoscope Today, December 11, 2023 advices money management"
Astrology,"Virgo Daily Horoscope Today, December 11, 2023 predicts you'll be focused"
india,Article 370 verdict: ‘Hushed disappointment’ sweeps through Kashmir
india,Rajasthan CM may be named today as BJP plans legislative party meet
india,"Breaking down the Supreme Court judgement on J&K, and its wider implications"
india,MEA should put up strong case with US against Pannun: Congress MP Bittu
india,MP swearing-in ceremony to be held on Dec 13: CM-designate Mohan Yadav
india,675 towns under 1-lakh population to get GIS-based master plans
india,‘I can’t explain to them': Shah slams Cong on SC's Article 370 verdict
india,Vishnu Deo Sai to take oath as Chhattisgarh CM on Wednesday; PM to be present
india,4th draft text on global stocktake deletes references to phasing out fossil fuels
india,Vishnu Deo Sai to take oath as Chhattisgarh CM on December 13
india,"In Congress's Mohan Yadav reaction, election win credit to Shivraj Singh Chouhan"
india,‘Delighted to see end of Article 370’: Armed forces veterans hail SC verdict
india,Mahua Moitra approaches Supreme Court against expulsion from Lok Sabha
india,"Australia’s new migration rules unlikely to impact Indian students, professionals"
india,India to lead nine-member Global River Cities Alliance
india,Narendra Singh Tomar named new MP assembly speaker. 5 things to know about him
india,"FBI director Christopher Wray begins 3-day India visit, meets CBI chief"
india,JNU issues rules for conduct on campus
india,Evening brief: Shivraj on Mohan Yadav elevation
india,"'Disagree': Congress differs with SC, says Article 370 'deserved to be honoured'"
india,Four KSU activists held for hurling shoe at Kerala CM’s special bus
india,"Officials from India, Taiwan, US discuss cybersecurity at New Delhi meet"
india,Here's what outgoing MP CM Shivraj Singh Chouhan said on Mohan Yadav's elevation
india,"‘Bhagwan Mahakal ka ashirwad hai,’: MP CM-elect Mohan Yadav's family"
india,"AR Reddy, YSR Congress MLA who filed cases against Chandrababu Naidu, resigns"
india,"Who is Mohan Yadav, Madhya Pradesh's chief minister-elect?"
india,"Mohan Yadav to be new MP CM, Jagdish Devda & Rajendra Shuka named deputy CMs"
india,"In Lok Sabha, V Muraleedharan corrects MEA answer on Palestinian group Hamas"
world,Firefighters search for those trapped after corner of NYC building collapses
world,Israel must comply with laws of war under US weapons assistance policy
world,Trump holds wide lead in Republican 2024 nominating contest: Opinion poll
world,US climate envoy says COP28 'last' chance to keep 1.5C target alive
world,Anti-IS coalition forces targeted in Iraq and Syria: US official
world,Russian Deputy PM Novak to visit China this week
world,"Donald Tusk appointed Polish PM, setting stage for warmer EU ties"
world,EU seeks to raise 15 billion euros for Ukraine from Russia's frozen assets
world,UK PM Sunak faces revolt in Parliament over Rwanda plan after grilling on COVID
world,White House warns of democracy threat after Trump repeats dictator remark
world,Volodymyr Zelensky says US delays in Ukraine aid fulfil Putin's 'dreams'
world,"Amid resignation calls, Harvard's Claudine Gay finds support from facul"
world,Sikh couple in Canada likely killed over ‘mistaken identity’
world,Special Counsel seeks US Supreme Court review on Trump's presidential immunity
world,France to stop funding biggest Muslim high school amid fear of wider crackdown
world,'Certainly concerned': US on reports of Israel using white phosphorus in Lebanon
world,Hungary's Ukraine stance leaves EU states fuming: 'Is Orban against Europe?'
world,"Hostages drugged, psychologically abused in Gaza, says Israeli doctor"
world,Can Iran's president be arrested when he lands in Switzerland? May be because…
world,Donald Trump calls Megyn Kelly ‘biggest loser’ after she commented on his age
world,"US, EU dislike COP28 draft sans fossil fuel deal: 'Far away from what...'"
world,Watch | People forced to evacuate from plane at Stockholm airport
world,Rishi Sunak's 'Eat Out' scheme led to more Covid cases in UK? He says no proof
world,Bear attacks on citizens are increasing in Japan. Experts explain why
world,"All about leading COVID-19 variants HV.1, EG.5 and others spreading wings in US"
world,Tennessee tornado aftermath: Lifeless toddler found in dead mother's arms
world,Singapore says ‘remaining vigilant and on high alert’ as Covid cases spike
world,"Ukraine's Zelensky in US: Last-ditch plea for aid, address to military"
world,"Huge upset for Prince Harry: Duke of Sussex ordered to pay Mail nearly £50,000"
mumbai,Tanker driver held for illegally ferrying 28k litres of diesel worth ₹26.32 lakh
mumbai,Six held from Gujarat for looting ₹4.05 cr from south Mumbai establishment
mumbai,Mephedrone worth ₹325 cr seized in Raigad since Dec 8
mumbai,Cricketer Poonam Raut's mother loses ₹1 lakh in cyber fraud; police launch probe
mumbai,Flamingo rescued from creek in Mumbai
mumbai,"Centre ready to buy unsold onions, says Fadnavis amid protests in Maharashtra against export ban"
mumbai,"Two held, five absconding in murder of minor"
mumbai,"Thane Collector seeks report on Kalyan Dombivli urbanisation, water needs"
mumbai,Vashi doctor performs record 287 robotic knee surgeries in 17 months
mumbai,BJP MLA warns of agitation if NMMC pays ₹1400 cr for Rly project
mumbai,56% rise in cyber crime this year in Navi Mumbai
mumbai,"Mumbai businessman held hostage in his house, ₹55 crore looted"
mumbai,Derailed wagons of goods train removed from Kasara accident spot; restoration work underway
mumbai,"Maharashtra: Moving mixer truck catches fire on Borivali Western Express Highway, driver injured"
mumbai,"Customs bust smuggling operation at Mumbai airport, gold worth ₹1.21 crore seized"
mumbai,Bombay high court rejects custody plea of father over ‘anger issues’
mumbai,"Around 1,600 city schools still waiting for implementation of attendance bot"
mumbai,"BEST lays out detailed plan to procure 10,662 buses by 2025"
mumbai,"Mumbai police counselled warring couples, resolved 54 disputes this year"
mumbai,"Tense year-end, hectic new year ahead"
mumbai,"Pawar’s 83rd birthday to be celebrated in Nagpur, marking first public event after defeat in elections"
mumbai,"Four Bangladeshi immigrants arrested in Mumbai, Navi Mumbai"
mumbai,"Disha Salian case: Indications of SIT inquiry out of BJP’s fear, says Aaditya Thackeray"
mumbai,Commuter woes sour Karjat-Kasara residents’ dream
mumbai,DMER proposes waiving ₹20 lakh penalty for resident doctors leaving seats due to mental health
mumbai,"No eggs in school midday meal, BJP-Sena ‘spiritual cells’ warn CM"
mumbai,"MBVV police bust sex trade racket and human trafficking ring, rescue 17-year-old"
mumbai,SP MLA demands scrapping of govt’s ‘Love Jihad’ committee
mumbai,"5, including family of four, booked for defrauding 40 Hajj pilgrims of ₹24L"
Entertainment,"Kevin Costner finds love in Jewel months after divorce, here's how"
Entertainment,Bobby Deol reveals Animal's viral Jamal Kudu dance scene was his idea
Entertainment,Who likes being single? We are sure that Britney Spears doesn't!
Entertainment,Golden Globes 2024 nominations: Barbie and Oppenheimer dominate. See full list
Entertainment,"Randeep Hooda wears black, Lin Laishram stuns in red at reception in Mumbai"
Entertainment,"BTS Jin calls Namjoon and Taehyung ‘his babies,’ leaves netizens in tears"
Entertainment,"BTS' Jimin debuts shaved head on ‘last’ live, fans say: 'Go and come back safe'"
Entertainment,"Dunki Drop 5 O Maahi: Shah Rukh Khan, Taapsee Pannu's love grows amid sand dunes"
Entertainment,Venkatesh visits Kanaka Durga temple and Babai Hotel in Vijayawada. See pics
Entertainment,"Cardi B confirms breakup from Offset, reveals she's single during live"
Entertainment,Demon Slayer Season 4 to kick off with an hour-long premiere - What to know
Entertainment,Trisha to make Telugu comeback with Chiranjeevi and Nagarjuna films: Report
Entertainment,"Bianca Censori dons sheer bodysuit, faces Christmas snub from Kanye's kids"
Entertainment,"BTS: All 7 members pose together for pics ahead of V, RM's military enlistment"
Entertainment,Anurag Kashyap says ‘more people were taught feminism’ because of Animal
Entertainment,"Shilpa Shetty, Sonali Bendre, Raveena party at Gayatri Joshi’s stunning new home"
Entertainment,"Samantha ventures into production, announces MTV Hustle Namma Pettai"
Entertainment,Ananya Panday says she paid for her sister's tuition with her first paycheck
Entertainment,"Allu Arjun reviews Hi Nanna: ‘A sweet, warm and heart-touching film’"
Entertainment,Cardi B steals the show at TikTok's ‘In The Mix’ global music event in Arizona
Entertainment,Animal worldwide box office collection day 10: Ranbir film enters ₹700 cr club
Entertainment,Joe Manganiello makes red carpet debut with Caitlin after Sofía Vergara split
Entertainment,KWK: Aditya Roy Kapur chooses between Ananya Panday and ex Shraddha Kapoor
Entertainment,Don Palathara on Family: 'I always looked at this story as a horror story'
Entertainment,"Allu Arjun, Mahesh Babu, Prabhas meet Netflix CEO Ted Sarandos"
Entertainment,When Anushka revealed how she managed to keep her wedding with Virat a secret
Entertainment,RGV reacts to Vidyut Jammwal's nude pics: 'You are truly looking like Greek God'
Entertainment,Karan Johar has no Hollywood dreams: ‘My heart is in my country’
Entertainment,Amitabh Bachchan meets fans outside his Mumbai home with Agastya Nanda. See pics
Lifestyle,Weight loss from Eli Lilly’s Zepbound reversed slowly after treatment stopped
Lifestyle,Mango pickle to dhaniya panjiri; Top 10 most-searched recipes in India
Lifestyle,"Universal Health Coverage Day 2023: Date, theme, history and significance"
Lifestyle,Fighting high cholesterol: 11 lifestyle changes to control cholesterol in winter
Lifestyle,7 practical ways to stick to your New Year resolutions in 2024
Lifestyle,Covid virus can persist in lungs for up to two years: Study
Lifestyle,Happiness mantra decoded: 8 daily habits that make you happy and content
Lifestyle,Dogs go for the traditional look at Lagos Dog Festival
Lifestyle,Ananya Panday dazzles in a lace dress for Kho Gaye Hum Kahan trailer launch
Lifestyle,Loss of appetite can indicate these 5 serious health issues
Lifestyle,HT City Delhi Junction: Catch it live on December 11
Lifestyle,Katrina Kaif shows how to layer up for winter with her effortless airport fit
Lifestyle,"Horoscope Today: Astrological prediction for December 11, 2023"
Lifestyle,Tasty and easy-to-make cookies for your pre-Christmas cravings
Lifestyle,Best books of 2023: Here's what you should read before the year ends
Lifestyle,"International Mountain Day 2023: Know the date, theme, history and significance"
Lifestyle,Finding the right person: 4 ways to know if your partner is serious about you
Lifestyle,Personalising decor: Creative ideas to add unique touches to your home interiors
Lifestyle,Can owning a cat increase risk of schizophrenia? Here's what a study says
Lifestyle,International Mountain Day 2023: Health benefits of hiking and mountain climbing
Lifestyle,Winter holidays travel plan: 5 family-friendly eco-adventures in Singapore
Lifestyle,Visiting Italy? Check out this 'prison bakery' in ancient Roman city of Pompeii
Lifestyle,Yokohama unveils plan to boost tourism through sustainability and innovation
Lifestyle,Indonesia's Prambanan temple: Testimony to India's ties with South East Asia
Lifestyle,"Mooli for weight loss and immunity: 7 benefits, 7 tasty ways to eat radish"
Lifestyle,US approves CRISPR gene-editing to treat sickle cell disease
Lifestyle,Sleep deprivation and vertigo: Here's how lack of sleep can impact balance
Lifestyle,Samantha Ruth Prabhu's sultry twist to denim look leaves the internet swooning
